args = Namespace(batch_size=500, data_aug=True, device='cuda', epoch=300, gpb_layer_pos='bottom', log_interval=10, n_cpus=4, save='', std_error=0.2)
Sequential(
  (block1_conv): Conv2d(3, 20, kernel_size=(5, 5), stride=(1, 1))
  (block1_relu): ReLU()
  (block1_pool): MaxPool2d(kernel_size=2, stride=2, padding=0, dilation=1, ceil_mode=False)
  (block2_conv): Conv2d(20, 50, kernel_size=(5, 5), stride=(1, 1))
  (block2_relu): ReLU()
  (block2_pool): MaxPool2d(kernel_size=2, stride=2, padding=0, dilation=1, ceil_mode=False)
  (block2_flat): Flatten(start_dim=1, end_dim=-1)
  (block3_full): Linear(in_features=1250, out_features=500, bias=True)
  (block3_relu): ReLU()
  (block3_gpbl): GaussianProcessBootstrapping()
  (block4_full): Linear(in_features=500, out_features=10, bias=True)
)
Test: accuracy = 0.4932	precision = 0.5035	recall = 0.4932	f1 = 0.4794	loss = 1.4064
Test: accuracy = 0.5562	precision = 0.5805	recall = 0.5562	f1 = 0.5445	loss = 1.2328
Test: accuracy = 0.6129	precision = 0.6166	recall = 0.6129	f1 = 0.6090	loss = 1.1044
Test: accuracy = 0.6186	precision = 0.6355	recall = 0.6186	f1 = 0.6029	loss = 1.0785
Test: accuracy = 0.6270	precision = 0.6576	recall = 0.6270	f1 = 0.6301	loss = 1.0474
Test: accuracy = 0.6394	precision = 0.6697	recall = 0.6394	f1 = 0.6355	loss = 1.0113
Test: accuracy = 0.6694	precision = 0.6780	recall = 0.6694	f1 = 0.6594	loss = 0.9479
Test: accuracy = 0.6836	precision = 0.6924	recall = 0.6836	f1 = 0.6813	loss = 0.9079
Test: accuracy = 0.6872	precision = 0.6954	recall = 0.6872	f1 = 0.6848	loss = 0.8810
Test: accuracy = 0.6999	precision = 0.7058	recall = 0.6999	f1 = 0.6993	loss = 0.8573
Test: accuracy = 0.7054	precision = 0.7102	recall = 0.7054	f1 = 0.6976	loss = 0.8485
Test: accuracy = 0.7180	precision = 0.7214	recall = 0.7180	f1 = 0.7162	loss = 0.8101
Test: accuracy = 0.7225	precision = 0.7226	recall = 0.7225	f1 = 0.7182	loss = 0.8040
Test: accuracy = 0.7302	precision = 0.7311	recall = 0.7302	f1 = 0.7287	loss = 0.7734
Test: accuracy = 0.7377	precision = 0.7391	recall = 0.7377	f1 = 0.7354	loss = 0.7614
Test: accuracy = 0.7305	precision = 0.7369	recall = 0.7305	f1 = 0.7319	loss = 0.7701
Test: accuracy = 0.7452	precision = 0.7418	recall = 0.7452	f1 = 0.7424	loss = 0.7433
Test: accuracy = 0.7458	precision = 0.7460	recall = 0.7458	f1 = 0.7440	loss = 0.7424
Test: accuracy = 0.7509	precision = 0.7541	recall = 0.7509	f1 = 0.7503	loss = 0.7251
Test: accuracy = 0.7469	precision = 0.7526	recall = 0.7469	f1 = 0.7480	loss = 0.7299
Test: accuracy = 0.7555	precision = 0.7580	recall = 0.7555	f1 = 0.7549	loss = 0.7131
Test: accuracy = 0.7574	precision = 0.7590	recall = 0.7574	f1 = 0.7529	loss = 0.7016
Test: accuracy = 0.7584	precision = 0.7651	recall = 0.7584	f1 = 0.7593	loss = 0.7034
Test: accuracy = 0.7595	precision = 0.7692	recall = 0.7595	f1 = 0.7594	loss = 0.7007
Test: accuracy = 0.7647	precision = 0.7674	recall = 0.7647	f1 = 0.7633	loss = 0.6868
Test: accuracy = 0.7650	precision = 0.7686	recall = 0.7650	f1 = 0.7644	loss = 0.6789
Test: accuracy = 0.7743	precision = 0.7761	recall = 0.7743	f1 = 0.7743	loss = 0.6609
Test: accuracy = 0.7721	precision = 0.7710	recall = 0.7721	f1 = 0.7691	loss = 0.6711
Test: accuracy = 0.7701	precision = 0.7705	recall = 0.7701	f1 = 0.7689	loss = 0.6639
Test: accuracy = 0.7701	precision = 0.7699	recall = 0.7701	f1 = 0.7680	loss = 0.6671
Test: accuracy = 0.7726	precision = 0.7738	recall = 0.7726	f1 = 0.7704	loss = 0.6603
Test: accuracy = 0.7687	precision = 0.7719	recall = 0.7687	f1 = 0.7670	loss = 0.6623
Test: accuracy = 0.7773	precision = 0.7792	recall = 0.7773	f1 = 0.7775	loss = 0.6417
Test: accuracy = 0.7771	precision = 0.7791	recall = 0.7771	f1 = 0.7769	loss = 0.6364
Test: accuracy = 0.7797	precision = 0.7783	recall = 0.7797	f1 = 0.7770	loss = 0.6345
Test: accuracy = 0.7856	precision = 0.7851	recall = 0.7856	f1 = 0.7848	loss = 0.6274
Test: accuracy = 0.7864	precision = 0.7885	recall = 0.7864	f1 = 0.7863	loss = 0.6184
Test: accuracy = 0.7777	precision = 0.7842	recall = 0.7777	f1 = 0.7777	loss = 0.6440
Test: accuracy = 0.7826	precision = 0.7885	recall = 0.7826	f1 = 0.7834	loss = 0.6315
Test: accuracy = 0.7863	precision = 0.7864	recall = 0.7863	f1 = 0.7853	loss = 0.6160
Test: accuracy = 0.7835	precision = 0.7882	recall = 0.7835	f1 = 0.7819	loss = 0.6321
Test: accuracy = 0.7941	precision = 0.7947	recall = 0.7941	f1 = 0.7931	loss = 0.6063
Test: accuracy = 0.7866	precision = 0.7905	recall = 0.7866	f1 = 0.7864	loss = 0.6251
Test: accuracy = 0.7918	precision = 0.7946	recall = 0.7918	f1 = 0.7925	loss = 0.6115
Test: accuracy = 0.7764	precision = 0.7831	recall = 0.7764	f1 = 0.7761	loss = 0.6558
Test: accuracy = 0.7882	precision = 0.7878	recall = 0.7882	f1 = 0.7859	loss = 0.6152
Test: accuracy = 0.7916	precision = 0.7933	recall = 0.7916	f1 = 0.7920	loss = 0.6096
Test: accuracy = 0.7868	precision = 0.7876	recall = 0.7868	f1 = 0.7851	loss = 0.6152
Test: accuracy = 0.7921	precision = 0.7960	recall = 0.7921	f1 = 0.7931	loss = 0.6047
Test: accuracy = 0.7866	precision = 0.7937	recall = 0.7866	f1 = 0.7843	loss = 0.6360
Test: accuracy = 0.7932	precision = 0.7962	recall = 0.7932	f1 = 0.7931	loss = 0.6112
Test: accuracy = 0.7953	precision = 0.7968	recall = 0.7953	f1 = 0.7957	loss = 0.6024
Test: accuracy = 0.7953	precision = 0.7954	recall = 0.7953	f1 = 0.7949	loss = 0.6067
Test: accuracy = 0.7948	precision = 0.7978	recall = 0.7948	f1 = 0.7952	loss = 0.6106
Test: accuracy = 0.7933	precision = 0.7940	recall = 0.7933	f1 = 0.7922	loss = 0.6147
Test: accuracy = 0.8000	precision = 0.8019	recall = 0.8000	f1 = 0.7988	loss = 0.6022
Test: accuracy = 0.7929	precision = 0.7950	recall = 0.7929	f1 = 0.7927	loss = 0.6131
Test: accuracy = 0.7956	precision = 0.8002	recall = 0.7956	f1 = 0.7959	loss = 0.6088
Test: accuracy = 0.7879	precision = 0.7954	recall = 0.7879	f1 = 0.7884	loss = 0.6394
Test: accuracy = 0.7952	precision = 0.7980	recall = 0.7952	f1 = 0.7956	loss = 0.6063
Test: accuracy = 0.7961	precision = 0.7966	recall = 0.7961	f1 = 0.7951	loss = 0.6006
Test: accuracy = 0.7916	precision = 0.7927	recall = 0.7916	f1 = 0.7899	loss = 0.6213
Test: accuracy = 0.7949	precision = 0.8006	recall = 0.7949	f1 = 0.7945	loss = 0.6253
Test: accuracy = 0.8014	precision = 0.8025	recall = 0.8014	f1 = 0.8009	loss = 0.5969
Test: accuracy = 0.7963	precision = 0.7982	recall = 0.7963	f1 = 0.7946	loss = 0.6167
Test: accuracy = 0.8019	precision = 0.8024	recall = 0.8019	f1 = 0.8012	loss = 0.6006
Test: accuracy = 0.7990	precision = 0.7971	recall = 0.7990	f1 = 0.7965	loss = 0.6034
Test: accuracy = 0.7976	precision = 0.8007	recall = 0.7976	f1 = 0.7972	loss = 0.6166
Test: accuracy = 0.8022	precision = 0.8046	recall = 0.8022	f1 = 0.8028	loss = 0.5934
Test: accuracy = 0.8008	precision = 0.8031	recall = 0.8008	f1 = 0.8010	loss = 0.5964
Test: accuracy = 0.8028	precision = 0.8035	recall = 0.8028	f1 = 0.8021	loss = 0.5930
Test: accuracy = 0.8040	precision = 0.8025	recall = 0.8040	f1 = 0.8025	loss = 0.5890
Test: accuracy = 0.7962	precision = 0.7994	recall = 0.7962	f1 = 0.7968	loss = 0.6077
Test: accuracy = 0.7952	precision = 0.8024	recall = 0.7952	f1 = 0.7966	loss = 0.6280
Test: accuracy = 0.7971	precision = 0.7989	recall = 0.7971	f1 = 0.7966	loss = 0.5999
Test: accuracy = 0.8035	precision = 0.8033	recall = 0.8035	f1 = 0.8030	loss = 0.5977
Test: accuracy = 0.8016	precision = 0.8036	recall = 0.8016	f1 = 0.8015	loss = 0.6010
Test: accuracy = 0.7984	precision = 0.8027	recall = 0.7984	f1 = 0.7997	loss = 0.6010
Test: accuracy = 0.8048	precision = 0.8052	recall = 0.8048	f1 = 0.8033	loss = 0.6028
Test: accuracy = 0.8048	precision = 0.8056	recall = 0.8048	f1 = 0.8038	loss = 0.5974
Test: accuracy = 0.8042	precision = 0.8050	recall = 0.8042	f1 = 0.8039	loss = 0.6007
Test: accuracy = 0.8009	precision = 0.8019	recall = 0.8009	f1 = 0.8001	loss = 0.6131
Test: accuracy = 0.8066	precision = 0.8051	recall = 0.8066	f1 = 0.8052	loss = 0.5929
Test: accuracy = 0.7957	precision = 0.7968	recall = 0.7957	f1 = 0.7946	loss = 0.6239
Test: accuracy = 0.7944	precision = 0.8013	recall = 0.7944	f1 = 0.7959	loss = 0.6231
Test: accuracy = 0.8009	precision = 0.8023	recall = 0.8009	f1 = 0.8000	loss = 0.5937
Test: accuracy = 0.8001	precision = 0.8025	recall = 0.8001	f1 = 0.7997	loss = 0.6067
Test: accuracy = 0.7977	precision = 0.7981	recall = 0.7977	f1 = 0.7962	loss = 0.6104
Test: accuracy = 0.8025	precision = 0.8077	recall = 0.8025	f1 = 0.8036	loss = 0.5984
Test: accuracy = 0.8057	precision = 0.8052	recall = 0.8057	f1 = 0.8050	loss = 0.5923
Test: accuracy = 0.7963	precision = 0.7996	recall = 0.7963	f1 = 0.7939	loss = 0.6360
Test: accuracy = 0.7989	precision = 0.8039	recall = 0.7989	f1 = 0.7998	loss = 0.6070
Test: accuracy = 0.8028	precision = 0.8042	recall = 0.8028	f1 = 0.8021	loss = 0.6119
Test: accuracy = 0.8010	precision = 0.8028	recall = 0.8010	f1 = 0.7986	loss = 0.6238
Test: accuracy = 0.8006	precision = 0.8022	recall = 0.8006	f1 = 0.7995	loss = 0.6321
Test: accuracy = 0.8037	precision = 0.8043	recall = 0.8037	f1 = 0.8034	loss = 0.6039
Test: accuracy = 0.8062	precision = 0.8068	recall = 0.8062	f1 = 0.8058	loss = 0.5963
Test: accuracy = 0.8044	precision = 0.8039	recall = 0.8044	f1 = 0.8029	loss = 0.6085
Test: accuracy = 0.8048	precision = 0.8083	recall = 0.8048	f1 = 0.8059	loss = 0.6071
Test: accuracy = 0.8076	precision = 0.8105	recall = 0.8076	f1 = 0.8087	loss = 0.5959
Test: accuracy = 0.8093	precision = 0.8092	recall = 0.8093	f1 = 0.8086	loss = 0.5898
Test: accuracy = 0.8037	precision = 0.8066	recall = 0.8037	f1 = 0.8039	loss = 0.6102
Test: accuracy = 0.8067	precision = 0.8104	recall = 0.8067	f1 = 0.8075	loss = 0.6027
Test: accuracy = 0.8076	precision = 0.8119	recall = 0.8076	f1 = 0.8092	loss = 0.6054
Test: accuracy = 0.8021	precision = 0.8046	recall = 0.8021	f1 = 0.8021	loss = 0.6259
Test: accuracy = 0.8039	precision = 0.8078	recall = 0.8039	f1 = 0.8032	loss = 0.6205
Test: accuracy = 0.8113	precision = 0.8105	recall = 0.8113	f1 = 0.8104	loss = 0.5996
Test: accuracy = 0.8045	precision = 0.8047	recall = 0.8045	f1 = 0.8039	loss = 0.6033
Test: accuracy = 0.8066	precision = 0.8092	recall = 0.8066	f1 = 0.8073	loss = 0.6098
Test: accuracy = 0.8028	precision = 0.8055	recall = 0.8028	f1 = 0.8035	loss = 0.6033
Test: accuracy = 0.8013	precision = 0.8054	recall = 0.8013	f1 = 0.8024	loss = 0.6083
Test: accuracy = 0.8005	precision = 0.8010	recall = 0.8005	f1 = 0.7991	loss = 0.6240
Test: accuracy = 0.8081	precision = 0.8079	recall = 0.8081	f1 = 0.8059	loss = 0.6165
Test: accuracy = 0.7995	precision = 0.8014	recall = 0.7995	f1 = 0.7989	loss = 0.6328
Test: accuracy = 0.8103	precision = 0.8112	recall = 0.8103	f1 = 0.8103	loss = 0.5965
Test: accuracy = 0.8077	precision = 0.8090	recall = 0.8077	f1 = 0.8073	loss = 0.6068
Test: accuracy = 0.7994	precision = 0.8028	recall = 0.7994	f1 = 0.7998	loss = 0.6246
Test: accuracy = 0.8026	precision = 0.8067	recall = 0.8026	f1 = 0.8027	loss = 0.6277
Test: accuracy = 0.8053	precision = 0.8080	recall = 0.8053	f1 = 0.8047	loss = 0.6286
Test: accuracy = 0.8048	precision = 0.8076	recall = 0.8048	f1 = 0.8052	loss = 0.6145
Test: accuracy = 0.7966	precision = 0.8001	recall = 0.7966	f1 = 0.7963	loss = 0.6445
Test: accuracy = 0.8101	precision = 0.8117	recall = 0.8101	f1 = 0.8103	loss = 0.6098
Test: accuracy = 0.8056	precision = 0.8054	recall = 0.8056	f1 = 0.8046	loss = 0.6091
Test: accuracy = 0.8112	precision = 0.8114	recall = 0.8112	f1 = 0.8111	loss = 0.6042
Test: accuracy = 0.8071	precision = 0.8086	recall = 0.8071	f1 = 0.8074	loss = 0.6148
Test: accuracy = 0.8101	precision = 0.8096	recall = 0.8101	f1 = 0.8090	loss = 0.6077
Test: accuracy = 0.8087	precision = 0.8093	recall = 0.8087	f1 = 0.8084	loss = 0.6245
Test: accuracy = 0.8016	precision = 0.8067	recall = 0.8016	f1 = 0.8025	loss = 0.6406
Test: accuracy = 0.8087	precision = 0.8113	recall = 0.8087	f1 = 0.8096	loss = 0.6131
Test: accuracy = 0.8101	precision = 0.8106	recall = 0.8101	f1 = 0.8100	loss = 0.6217
Test: accuracy = 0.8099	precision = 0.8120	recall = 0.8099	f1 = 0.8101	loss = 0.6238
Test: accuracy = 0.8091	precision = 0.8078	recall = 0.8091	f1 = 0.8080	loss = 0.6169
Test: accuracy = 0.8042	precision = 0.8051	recall = 0.8042	f1 = 0.8018	loss = 0.6279
Test: accuracy = 0.8060	precision = 0.8074	recall = 0.8060	f1 = 0.8063	loss = 0.6178
Test: accuracy = 0.8072	precision = 0.8080	recall = 0.8072	f1 = 0.8066	loss = 0.6169
Test: accuracy = 0.7984	precision = 0.7971	recall = 0.7984	f1 = 0.7965	loss = 0.6403
Test: accuracy = 0.8016	precision = 0.8052	recall = 0.8016	f1 = 0.8023	loss = 0.6359
Test: accuracy = 0.8053	precision = 0.8057	recall = 0.8053	f1 = 0.8048	loss = 0.6284
Test: accuracy = 0.8031	precision = 0.8041	recall = 0.8031	f1 = 0.8021	loss = 0.6296
Test: accuracy = 0.8063	precision = 0.8064	recall = 0.8063	f1 = 0.8060	loss = 0.6274
Test: accuracy = 0.8032	precision = 0.8060	recall = 0.8032	f1 = 0.8038	loss = 0.6328
Test: accuracy = 0.8115	precision = 0.8115	recall = 0.8115	f1 = 0.8110	loss = 0.6138
Test: accuracy = 0.8077	precision = 0.8082	recall = 0.8077	f1 = 0.8064	loss = 0.6384
Test: accuracy = 0.8097	precision = 0.8097	recall = 0.8097	f1 = 0.8093	loss = 0.6207
Test: accuracy = 0.8112	precision = 0.8113	recall = 0.8112	f1 = 0.8110	loss = 0.6217
Test: accuracy = 0.8062	precision = 0.8075	recall = 0.8062	f1 = 0.8062	loss = 0.6465
Test: accuracy = 0.8081	precision = 0.8091	recall = 0.8081	f1 = 0.8084	loss = 0.6201
Test: accuracy = 0.8043	precision = 0.8061	recall = 0.8043	f1 = 0.8028	loss = 0.6352
Test: accuracy = 0.8071	precision = 0.8058	recall = 0.8071	f1 = 0.8057	loss = 0.6332
Test: accuracy = 0.8047	precision = 0.8059	recall = 0.8047	f1 = 0.8041	loss = 0.6371
Test: accuracy = 0.8037	precision = 0.8067	recall = 0.8037	f1 = 0.8044	loss = 0.6463
Test: accuracy = 0.8041	precision = 0.8042	recall = 0.8041	f1 = 0.8026	loss = 0.6362
Test: accuracy = 0.8038	precision = 0.8058	recall = 0.8038	f1 = 0.8036	loss = 0.6431
Test: accuracy = 0.8099	precision = 0.8092	recall = 0.8099	f1 = 0.8090	loss = 0.6328
Test: accuracy = 0.8052	precision = 0.8080	recall = 0.8052	f1 = 0.8057	loss = 0.6378
Test: accuracy = 0.8074	precision = 0.8094	recall = 0.8074	f1 = 0.8079	loss = 0.6401
Test: accuracy = 0.8055	precision = 0.8065	recall = 0.8055	f1 = 0.8056	loss = 0.6230
Test: accuracy = 0.8069	precision = 0.8074	recall = 0.8069	f1 = 0.8067	loss = 0.6315
Test: accuracy = 0.8090	precision = 0.8093	recall = 0.8090	f1 = 0.8087	loss = 0.6271
Test: accuracy = 0.8037	precision = 0.8047	recall = 0.8037	f1 = 0.8028	loss = 0.6641
Test: accuracy = 0.8053	precision = 0.8055	recall = 0.8053	f1 = 0.8046	loss = 0.6429
Test: accuracy = 0.8104	precision = 0.8149	recall = 0.8104	f1 = 0.8120	loss = 0.6311
Test: accuracy = 0.8101	precision = 0.8089	recall = 0.8101	f1 = 0.8087	loss = 0.6370
Test: accuracy = 0.8083	precision = 0.8083	recall = 0.8083	f1 = 0.8079	loss = 0.6388
Test: accuracy = 0.8031	precision = 0.8043	recall = 0.8031	f1 = 0.8031	loss = 0.6494
Test: accuracy = 0.8076	precision = 0.8097	recall = 0.8076	f1 = 0.8083	loss = 0.6447
Test: accuracy = 0.8089	precision = 0.8112	recall = 0.8089	f1 = 0.8094	loss = 0.6341
Test: accuracy = 0.8021	precision = 0.8014	recall = 0.8021	f1 = 0.8003	loss = 0.6583
Test: accuracy = 0.8068	precision = 0.8097	recall = 0.8068	f1 = 0.8069	loss = 0.6412
Test: accuracy = 0.8129	precision = 0.8133	recall = 0.8129	f1 = 0.8124	loss = 0.6333
Test: accuracy = 0.8135	precision = 0.8157	recall = 0.8135	f1 = 0.8143	loss = 0.6237
Test: accuracy = 0.8074	precision = 0.8091	recall = 0.8074	f1 = 0.8073	loss = 0.6362
Test: accuracy = 0.8141	precision = 0.8152	recall = 0.8141	f1 = 0.8143	loss = 0.6295
Test: accuracy = 0.8124	precision = 0.8119	recall = 0.8124	f1 = 0.8116	loss = 0.6238
Test: accuracy = 0.8096	precision = 0.8112	recall = 0.8096	f1 = 0.8099	loss = 0.6416
Test: accuracy = 0.8099	precision = 0.8105	recall = 0.8099	f1 = 0.8095	loss = 0.6297
Test: accuracy = 0.8132	precision = 0.8143	recall = 0.8132	f1 = 0.8131	loss = 0.6384
Test: accuracy = 0.8075	precision = 0.8106	recall = 0.8075	f1 = 0.8087	loss = 0.6349
Test: accuracy = 0.8101	precision = 0.8091	recall = 0.8101	f1 = 0.8093	loss = 0.6506
Test: accuracy = 0.8136	precision = 0.8137	recall = 0.8136	f1 = 0.8133	loss = 0.6348
Test: accuracy = 0.8015	precision = 0.8012	recall = 0.8015	f1 = 0.8003	loss = 0.6571
Test: accuracy = 0.8069	precision = 0.8119	recall = 0.8069	f1 = 0.8086	loss = 0.6484
Test: accuracy = 0.8100	precision = 0.8092	recall = 0.8100	f1 = 0.8087	loss = 0.6378
Test: accuracy = 0.8062	precision = 0.8064	recall = 0.8062	f1 = 0.8061	loss = 0.6409
Test: accuracy = 0.7996	precision = 0.8015	recall = 0.7996	f1 = 0.7986	loss = 0.6696
Test: accuracy = 0.8112	precision = 0.8114	recall = 0.8112	f1 = 0.8108	loss = 0.6516
Test: accuracy = 0.8031	precision = 0.8073	recall = 0.8031	f1 = 0.8036	loss = 0.6740
Test: accuracy = 0.8069	precision = 0.8064	recall = 0.8069	f1 = 0.8058	loss = 0.6499
Test: accuracy = 0.8089	precision = 0.8097	recall = 0.8089	f1 = 0.8086	loss = 0.6672
Test: accuracy = 0.8079	precision = 0.8093	recall = 0.8079	f1 = 0.8083	loss = 0.6680
Test: accuracy = 0.8106	precision = 0.8124	recall = 0.8106	f1 = 0.8113	loss = 0.6467
Test: accuracy = 0.8107	precision = 0.8101	recall = 0.8107	f1 = 0.8101	loss = 0.6451
Test: accuracy = 0.8074	precision = 0.8082	recall = 0.8074	f1 = 0.8072	loss = 0.6493
Test: accuracy = 0.8052	precision = 0.8043	recall = 0.8052	f1 = 0.8034	loss = 0.6825
Test: accuracy = 0.8096	precision = 0.8088	recall = 0.8096	f1 = 0.8087	loss = 0.6467
Test: accuracy = 0.8075	precision = 0.8076	recall = 0.8075	f1 = 0.8066	loss = 0.6618
Test: accuracy = 0.8117	precision = 0.8118	recall = 0.8117	f1 = 0.8107	loss = 0.6494
Test: accuracy = 0.8083	precision = 0.8098	recall = 0.8083	f1 = 0.8083	loss = 0.6515
Test: accuracy = 0.8122	precision = 0.8147	recall = 0.8122	f1 = 0.8130	loss = 0.6359
Test: accuracy = 0.8091	precision = 0.8120	recall = 0.8091	f1 = 0.8096	loss = 0.6597
Test: accuracy = 0.8077	precision = 0.8086	recall = 0.8077	f1 = 0.8064	loss = 0.6659
Test: accuracy = 0.8042	precision = 0.8040	recall = 0.8042	f1 = 0.8037	loss = 0.6598
Test: accuracy = 0.8077	precision = 0.8105	recall = 0.8077	f1 = 0.8085	loss = 0.6560
Test: accuracy = 0.8056	precision = 0.8079	recall = 0.8056	f1 = 0.8063	loss = 0.6561
Test: accuracy = 0.8083	precision = 0.8086	recall = 0.8083	f1 = 0.8066	loss = 0.6609
Test: accuracy = 0.8075	precision = 0.8083	recall = 0.8075	f1 = 0.8069	loss = 0.6657
Test: accuracy = 0.8104	precision = 0.8106	recall = 0.8104	f1 = 0.8097	loss = 0.6549
Test: accuracy = 0.8051	precision = 0.8071	recall = 0.8051	f1 = 0.8044	loss = 0.6615
Test: accuracy = 0.8093	precision = 0.8094	recall = 0.8093	f1 = 0.8085	loss = 0.6625
Test: accuracy = 0.8003	precision = 0.8000	recall = 0.8003	f1 = 0.7996	loss = 0.6661
Test: accuracy = 0.8129	precision = 0.8126	recall = 0.8129	f1 = 0.8125	loss = 0.6598
Test: accuracy = 0.8030	precision = 0.8063	recall = 0.8030	f1 = 0.8032	loss = 0.6723
Test: accuracy = 0.8109	precision = 0.8111	recall = 0.8109	f1 = 0.8104	loss = 0.6698
Test: accuracy = 0.8128	precision = 0.8118	recall = 0.8128	f1 = 0.8110	loss = 0.6453
Test: accuracy = 0.8078	precision = 0.8114	recall = 0.8078	f1 = 0.8089	loss = 0.6557
Test: accuracy = 0.8113	precision = 0.8127	recall = 0.8113	f1 = 0.8116	loss = 0.6562
Test: accuracy = 0.8060	precision = 0.8083	recall = 0.8060	f1 = 0.8066	loss = 0.6727
Test: accuracy = 0.8062	precision = 0.8075	recall = 0.8062	f1 = 0.8063	loss = 0.6723
Test: accuracy = 0.8067	precision = 0.8097	recall = 0.8067	f1 = 0.8072	loss = 0.6633
Test: accuracy = 0.8078	precision = 0.8092	recall = 0.8078	f1 = 0.8083	loss = 0.6668
Test: accuracy = 0.8072	precision = 0.8106	recall = 0.8072	f1 = 0.8084	loss = 0.6756
Test: accuracy = 0.8055	precision = 0.8054	recall = 0.8055	f1 = 0.8050	loss = 0.6776
Test: accuracy = 0.8101	precision = 0.8086	recall = 0.8101	f1 = 0.8082	loss = 0.6701
Test: accuracy = 0.8094	precision = 0.8094	recall = 0.8094	f1 = 0.8090	loss = 0.6706
Test: accuracy = 0.8021	precision = 0.8047	recall = 0.8021	f1 = 0.8024	loss = 0.6903
Test: accuracy = 0.8111	precision = 0.8106	recall = 0.8111	f1 = 0.8103	loss = 0.6778
Test: accuracy = 0.8068	precision = 0.8068	recall = 0.8068	f1 = 0.8064	loss = 0.6805
Test: accuracy = 0.8065	precision = 0.8079	recall = 0.8065	f1 = 0.8066	loss = 0.6793
Test: accuracy = 0.8095	precision = 0.8095	recall = 0.8095	f1 = 0.8090	loss = 0.6820
Test: accuracy = 0.8045	precision = 0.8067	recall = 0.8045	f1 = 0.8052	loss = 0.6743
Test: accuracy = 0.8097	precision = 0.8114	recall = 0.8097	f1 = 0.8092	loss = 0.6818
Test: accuracy = 0.8138	precision = 0.8149	recall = 0.8138	f1 = 0.8141	loss = 0.6600
Test: accuracy = 0.8103	precision = 0.8109	recall = 0.8103	f1 = 0.8102	loss = 0.6650
Test: accuracy = 0.8100	precision = 0.8096	recall = 0.8100	f1 = 0.8095	loss = 0.6557
Test: accuracy = 0.8059	precision = 0.8058	recall = 0.8059	f1 = 0.8048	loss = 0.6756
Test: accuracy = 0.8101	precision = 0.8096	recall = 0.8101	f1 = 0.8094	loss = 0.6522
Test: accuracy = 0.8105	precision = 0.8122	recall = 0.8105	f1 = 0.8109	loss = 0.6761
Test: accuracy = 0.8028	precision = 0.8090	recall = 0.8028	f1 = 0.8044	loss = 0.6899
Test: accuracy = 0.8060	precision = 0.8077	recall = 0.8060	f1 = 0.8062	loss = 0.6909
Test: accuracy = 0.8090	precision = 0.8068	recall = 0.8090	f1 = 0.8070	loss = 0.6736
Test: accuracy = 0.8104	precision = 0.8120	recall = 0.8104	f1 = 0.8103	loss = 0.6874
Test: accuracy = 0.8080	precision = 0.8080	recall = 0.8080	f1 = 0.8077	loss = 0.6834
Test: accuracy = 0.8122	precision = 0.8129	recall = 0.8122	f1 = 0.8117	loss = 0.6794
Test: accuracy = 0.8088	precision = 0.8097	recall = 0.8088	f1 = 0.8070	loss = 0.6922
Test: accuracy = 0.8119	precision = 0.8126	recall = 0.8119	f1 = 0.8112	loss = 0.6839
Test: accuracy = 0.8098	precision = 0.8109	recall = 0.8098	f1 = 0.8099	loss = 0.6871
Test: accuracy = 0.8123	precision = 0.8134	recall = 0.8123	f1 = 0.8124	loss = 0.6796
Test: accuracy = 0.8054	precision = 0.8060	recall = 0.8054	f1 = 0.8053	loss = 0.6864
Test: accuracy = 0.8052	precision = 0.8057	recall = 0.8052	f1 = 0.8051	loss = 0.6880
Test: accuracy = 0.8023	precision = 0.8029	recall = 0.8023	f1 = 0.8019	loss = 0.6980
Test: accuracy = 0.8018	precision = 0.8021	recall = 0.8018	f1 = 0.8014	loss = 0.6995
Test: accuracy = 0.8088	precision = 0.8095	recall = 0.8088	f1 = 0.8082	loss = 0.6904
Test: accuracy = 0.8052	precision = 0.8039	recall = 0.8052	f1 = 0.8037	loss = 0.6879
Test: accuracy = 0.8053	precision = 0.8074	recall = 0.8053	f1 = 0.8059	loss = 0.6967
Test: accuracy = 0.8064	precision = 0.8074	recall = 0.8064	f1 = 0.8067	loss = 0.6920
Test: accuracy = 0.8099	precision = 0.8091	recall = 0.8099	f1 = 0.8089	loss = 0.6857
Test: accuracy = 0.8066	precision = 0.8098	recall = 0.8066	f1 = 0.8071	loss = 0.7085
Test: accuracy = 0.8037	precision = 0.8069	recall = 0.8037	f1 = 0.8048	loss = 0.7002
Test: accuracy = 0.8094	precision = 0.8095	recall = 0.8094	f1 = 0.8092	loss = 0.6968
Test: accuracy = 0.8098	precision = 0.8104	recall = 0.8098	f1 = 0.8089	loss = 0.6940
Test: accuracy = 0.8063	precision = 0.8084	recall = 0.8063	f1 = 0.8059	loss = 0.7027
Test: accuracy = 0.7995	precision = 0.8033	recall = 0.7995	f1 = 0.8005	loss = 0.7184
Test: accuracy = 0.8127	precision = 0.8149	recall = 0.8127	f1 = 0.8132	loss = 0.7050
Test: accuracy = 0.8038	precision = 0.8046	recall = 0.8038	f1 = 0.8035	loss = 0.7115
Test: accuracy = 0.8075	precision = 0.8063	recall = 0.8075	f1 = 0.8060	loss = 0.6992
Test: accuracy = 0.8091	precision = 0.8124	recall = 0.8091	f1 = 0.8101	loss = 0.6994
Test: accuracy = 0.8092	precision = 0.8099	recall = 0.8092	f1 = 0.8092	loss = 0.6854
Test: accuracy = 0.8098	precision = 0.8101	recall = 0.8098	f1 = 0.8097	loss = 0.6951
Test: accuracy = 0.8079	precision = 0.8087	recall = 0.8079	f1 = 0.8074	loss = 0.6919
Test: accuracy = 0.8092	precision = 0.8106	recall = 0.8092	f1 = 0.8090	loss = 0.6892
Test: accuracy = 0.8108	precision = 0.8104	recall = 0.8108	f1 = 0.8099	loss = 0.6827
Test: accuracy = 0.8055	precision = 0.8045	recall = 0.8055	f1 = 0.8043	loss = 0.7134
Test: accuracy = 0.8004	precision = 0.8032	recall = 0.8004	f1 = 0.8009	loss = 0.7193
Test: accuracy = 0.8092	precision = 0.8101	recall = 0.8092	f1 = 0.8094	loss = 0.6888
Test: accuracy = 0.8066	precision = 0.8101	recall = 0.8066	f1 = 0.8074	loss = 0.7012
Test: accuracy = 0.8059	precision = 0.8090	recall = 0.8059	f1 = 0.8069	loss = 0.7103
Test: accuracy = 0.8062	precision = 0.8074	recall = 0.8062	f1 = 0.8064	loss = 0.7037
Test: accuracy = 0.8096	precision = 0.8102	recall = 0.8096	f1 = 0.8093	loss = 0.7075
Test: accuracy = 0.8082	precision = 0.8081	recall = 0.8082	f1 = 0.8068	loss = 0.7159
Test: accuracy = 0.8060	precision = 0.8058	recall = 0.8060	f1 = 0.8054	loss = 0.7094
Test: accuracy = 0.8079	precision = 0.8057	recall = 0.8079	f1 = 0.8060	loss = 0.7010
Test: accuracy = 0.8076	precision = 0.8074	recall = 0.8076	f1 = 0.8069	loss = 0.6989
Test: accuracy = 0.8094	precision = 0.8085	recall = 0.8094	f1 = 0.8080	loss = 0.7081
Test: accuracy = 0.8112	precision = 0.8118	recall = 0.8112	f1 = 0.8107	loss = 0.6899
Test: accuracy = 0.8094	precision = 0.8115	recall = 0.8094	f1 = 0.8096	loss = 0.7035
Test: accuracy = 0.8105	precision = 0.8091	recall = 0.8105	f1 = 0.8087	loss = 0.6901
Test: accuracy = 0.8087	precision = 0.8098	recall = 0.8087	f1 = 0.8084	loss = 0.6966
Test: accuracy = 0.8053	precision = 0.8093	recall = 0.8053	f1 = 0.8061	loss = 0.7149
Test: accuracy = 0.8020	precision = 0.8060	recall = 0.8020	f1 = 0.8032	loss = 0.7355
Test: accuracy = 0.8066	precision = 0.8090	recall = 0.8066	f1 = 0.8072	loss = 0.6978
Test: accuracy = 0.8114	precision = 0.8116	recall = 0.8114	f1 = 0.8104	loss = 0.7024
Test: accuracy = 0.8097	precision = 0.8115	recall = 0.8097	f1 = 0.8100	loss = 0.7039
Test: accuracy = 0.8094	precision = 0.8100	recall = 0.8094	f1 = 0.8093	loss = 0.7045
Test: accuracy = 0.8103	precision = 0.8115	recall = 0.8103	f1 = 0.8105	loss = 0.6994
Test: accuracy = 0.8124	precision = 0.8117	recall = 0.8124	f1 = 0.8109	loss = 0.7374
Test: accuracy = 0.8091	precision = 0.8084	recall = 0.8091	f1 = 0.8081	loss = 0.7112
Test: accuracy = 0.8106	precision = 0.8106	recall = 0.8106	f1 = 0.8100	loss = 0.7145
Test: accuracy = 0.8117	precision = 0.8102	recall = 0.8117	f1 = 0.8100	loss = 0.6997
Test: accuracy = 0.8049	precision = 0.8072	recall = 0.8049	f1 = 0.8049	loss = 0.7091
Test: accuracy = 0.8069	precision = 0.8082	recall = 0.8069	f1 = 0.8070	loss = 0.7061